<?xml version="1.0" encoding="UTF-8" ?>
<!--    Dashboard template    -->
<template id="dropbox">
    <t t-name="DropboxDashboard">
        <section class="dashboard_main_section dropbox_section" id="main_section_manager">
            <img src="/dropbox_integration/static/src/img/dropbox_icon.png"
                 style="width:200px; margin: 20px;"/>
            <input class="btn dropbox_upload" type="button" value="Upload"
                   id="upload" t-on-click="upload"/>
            <input type="search" class="header-search-input"
                   placeholder="Search Files"
                   t-on-keyup="search_file"/>
            <div class="col row content" id="files"/>
        </section>
    </t>
</template>
